AA_cb,Triplet_cb,priority_cb,AA_hx,Triplet_hx,priority_hx
A(Ala),GCT,2,A(Ala),GCT,1
,GCC,1,,GCC,0
,GCA,1,,GCA,1
,GCG,0,,GCG,0
C(Cys),TGT,2,C(Cys),TGT,0
,TGC,1,,TGC,1
D(Asp),GAT,1,D(Asp),GAT,0
,GAC,1,,GAC,1
E(Glu),GAA,1,E(Glu),GAA,1
,GAG,1,,GAG,1
F(Phe),TTT,1,F(Phe),TTT,0
,TTC,1,,TTC,1
G(Gly),GGT,2,G(Gly),GGT,0
,GGC,0,,GGC,1
,GGA,1,,GGA,1
,GGG,0,,GGG,0
H(His),CAT,2,H(His),CAT,0
,CAC,1,,CAC,1
I(Ile),ATT,2,I(Ile),ATT,1
,ATC,1,,ATC,0
,ATA,0,,ATA,0
K(Lys),AAA,1,K(Lys),AAA,1
,AAG,1,,AAG,1
L(Leu),TTA,1,L(Leu),TTA,0
,TTG,2,,TTG,1
,CTT,1,,CTT,1
,CTC,0,,CTC,0
,CTA,0,,CTA,0
,CTG,1,,CTG,1
M(Met),ATG,1,M(Met),ATG,1
N(Asn),AAT,1,N(Asn),AAT,0
,AAC,1,,AAC,1
P(Pro),CCT,1,P(Pro),CCT,0
,CCC,0,,CCC,0
,CCA,1,,CCA,1
,CCG,0,,CCG,0
Q(Gln),CAA,2,Q(Gln),CAA,1
,CAG,1,,CAG,1
R(Arg),CGT,0,R(Arg),CGT,0
,CGC,0,,CGC,0
,CGA,0,,CGA,0
,CGG,0,,CGG,0
,AGA,2,,AGA,1
,AGG,0,,AGG,1
S(Ser),TCT,2,S(Ser),TCT,1
,TCC,1,,TCC,0
,TCA,1,,TCA,0
,TCG,0,,TCG,1
,AGT,0,,AGT,0
,AGC,0,,AGC,0
T(Thr),ACT,2,T(Thr),ACT,1
,ACC,1,,ACC,0
,ACA,1,,ACA,1
,ACG,0,,ACG,1
V(Val),GTT,2,V(Val),GTT,1
,GTC,1,,GTC,0
,GTA,0,,GTA,0
,GTG,1,,GTG,1
W(Trp),TGG,1,W(Trp),TGG,1
Y(Tyr),TAT,1,Y(Tyr),TAT,0
,TAC,1,,TAC,1
*,TAA,1,*,TAA,1
,TAG,1,,TAG,0
,TGA,0,,TGA,0
